protocol,length,src_port,dst_port,anomaly
2,93,39149.0,53.0,1
2,93,39149.0,53.0,1
2,93,39149.0,53.0,1
2,93,39149.0,53.0,1
0,60,0.0,0.0,1
0,42,0.0,0.0,1
2,88,36729.0,53.0,1
2,81,48487.0,53.0,1
2,81,48487.0,53.0,1
2,88,36729.0,53.0,1
2,88,36729.0,53.0,1
2,81,48487.0,53.0,1
2,81,48487.0,53.0,1
5,60,40230.0,80.0,0
5,60,40230.0,1025.0,0
5,60,40230.0,110.0,0
5,60,40230.0,135.0,0
5,60,40230.0,199.0,0
5,60,40230.0,554.0,0
5,60,40230.0,23.0,0
5,60,40230.0,25.0,0
5,60,40230.0,445.0,0
5,60,40230.0,53.0,0
5,58,135.0,40230.0,1
5,58,445.0,40230.0,1
5,60,40230.0,135.0,0
5,60,40230.0,445.0,0
5,60,40230.0,143.0,0
5,60,40230.0,5900.0,0
5,60,40230.0,256.0,0
5,60,40230.0,22.0,0
2,93,58100.0,53.0,1
2,93,58100.0,53.0,1
5,60,40232.0,22.0,0
5,60,40232.0,256.0,0
5,60,40232.0,5900.0,0
5,60,40232.0,143.0,0
5,60,40232.0,53.0,0
5,60,40232.0,25.0,0
5,60,40232.0,23.0,0
5,60,40232.0,554.0,0
5,60,40232.0,199.0,0
5,60,40232.0,110.0,0
5,60,40232.0,1025.0,0
5,60,40232.0,80.0,0
5,60,40230.0,3389.0,0
5,60,40230.0,1720.0,0
5,60,40230.0,139.0,0
5,60,40230.0,993.0,0
5,58,139.0,40230.0,1
5,60,40230.0,139.0,0
5,60,40230.0,111.0,0
5,60,40230.0,8888.0,0
5,60,40230.0,113.0,0
5,60,40230.0,21.0,0
5,60,40230.0,1723.0,0
5,60,40230.0,8080.0,0
5,60,40230.0,443.0,0
5,60,40230.0,995.0,0
5,60,40230.0,3306.0,0
5,60,40230.0,587.0,0
5,60,40230.0,2638.0,0
5,60,40230.0,800.0,0
5,60,40230.0,1501.0,0
5,60,40230.0,1434.0,0
5,60,40230.0,40911.0,1
5,60,40232.0,1720.0,0
5,60,40232.0,3389.0,0
5,60,40232.0,993.0,0
5,60,40232.0,40911.0,1
5,60,40232.0,1434.0,0
5,60,40232.0,1501.0,0
5,60,40232.0,800.0,0
5,60,40232.0,2638.0,0
5,60,40232.0,587.0,0
5,60,40232.0,3306.0,0
5,60,40232.0,995.0,0
5,60,40232.0,443.0,0
5,60,40232.0,8080.0,0
5,60,40232.0,1723.0,0
5,60,40232.0,21.0,0
5,60,40232.0,113.0,0
5,60,40232.0,8888.0,0
5,60,40232.0,111.0,0
5,60,40230.0,7777.0,0
5,60,40230.0,45100.0,1
5,60,40230.0,5009.0,0
5,60,40230.0,8180.0,0
5,60,40230.0,7001.0,0
5,60,40230.0,7402.0,0
5,60,40230.0,1055.0,0
5,60,40230.0,15003.0,0
5,60,40230.0,10629.0,0
5,60,40230.0,2000.0,0
5,60,40230.0,8009.0,0
5,60,40230.0,1081.0,0
5,60,40230.0,70.0,0
5,60,40230.0,3005.0,0
5,60,40230.0,32768.0,0
5,60,40230.0,992.0,0
5,60,40230.0,50002.0,1
5,60,40230.0,7019.0,0
5,60,40232.0,7777.0,0
5,60,40232.0,5009.0,0
5,60,40232.0,45100.0,1
5,60,40232.0,7001.0,0
5,60,40232.0,8180.0,0
5,60,40232.0,70.0,0
5,60,40232.0,1081.0,0
5,60,40232.0,8009.0,0
5,60,40232.0,2000.0,0
5,60,40232.0,10629.0,0
5,60,40232.0,15003.0,0
5,60,40232.0,1055.0,0
5,60,40232.0,7402.0,0
5,60,40232.0,7019.0,0
5,60,40232.0,50002.0,1
5,60,40232.0,992.0,0
5,60,40232.0,32768.0,0
5,60,40232.0,3005.0,0
5,60,40230.0,9111.0,0
5,60,40230.0,82.0,0
5,60,40230.0,7778.0,0
5,60,40230.0,2035.0,0
5,60,40230.0,2522.0,0
5,60,40230.0,5510.0,0
5,60,40230.0,1075.0,0
5,60,40230.0,44501.0,1
5,60,40230.0,6003.0,0
5,60,40230.0,301.0,0
5,60,40230.0,5060.0,0
5,60,40230.0,548.0,0
5,60,40230.0,4125.0,0
5,60,40230.0,1149.0,0
5,60,40230.0,3914.0,0
5,60,40230.0,5859.0,0
5,60,40230.0,44176.0,1
5,60,40230.0,65000.0,1
5,60,40232.0,9111.0,0
5,60,40232.0,7778.0,0
5,60,40232.0,82.0,0
5,60,40232.0,2522.0,0
5,60,40232.0,2035.0,0
5,60,40232.0,1075.0,0
5,60,40232.0,5510.0,0
5,60,40232.0,4125.0,0
5,60,40232.0,548.0,0
5,60,40232.0,5060.0,0
5,60,40232.0,301.0,0
5,60,40232.0,6003.0,0
5,60,40232.0,44501.0,1
5,60,40232.0,65000.0,1
5,60,40232.0,44176.0,1
5,60,40232.0,5859.0,0
5,60,40232.0,3914.0,0
5,60,40232.0,1149.0,0
5,60,40230.0,1277.0,0
5,60,40230.0,146.0,0
5,60,40230.0,311.0,0
5,60,40230.0,1040.0,0
5,60,40230.0,12265.0,0
5,60,40230.0,1062.0,0
5,60,40230.0,10002.0,0
5,60,40230.0,6112.0,0
5,60,40230.0,212.0,0
5,60,40230.0,5440.0,0
5,60,40230.0,15002.0,0
5,60,40230.0,2049.0,0
5,60,40230.0,2251.0,0
5,60,40230.0,1076.0,0
5,60,40230.0,2725.0,0
5,60,40230.0,8652.0,0
5,60,40230.0,280.0,0
5,60,40230.0,6689.0,0
5,60,40232.0,1277.0,0
5,60,40232.0,146.0,0
5,60,40232.0,311.0,0
5,60,40232.0,12265.0,0
5,60,40232.0,1040.0,0
5,60,40232.0,1062.0,0
5,60,40232.0,10002.0,0
5,60,40232.0,6689.0,0
5,60,40232.0,280.0,0
5,60,40232.0,8652.0,0
5,60,40232.0,2725.0,0
5,60,40232.0,1076.0,0
5,60,40232.0,2251.0,0
5,60,40232.0,2049.0,0
5,60,40232.0,15002.0,0
5,60,40232.0,5440.0,0
5,60,40232.0,212.0,0
5,60,40232.0,6112.0,0
5,60,40230.0,808.0,0
5,60,40230.0,1023.0,0
5,60,40230.0,1046.0,0
5,60,40230.0,1500.0,0
5,60,40230.0,1000.0,0
5,60,40230.0,801.0,0
5,60,40230.0,1271.0,0
5,60,40230.0,32769.0,0
5,60,40230.0,10012.0,0
5,60,40230.0,10025.0,0
5,60,40230.0,8200.0,0
5,60,40230.0,1658.0,0
5,60,40230.0,50500.0,1
5,60,40230.0,60020.0,1
5,60,40230.0,5825.0,0
5,60,40230.0,4000.0,0
5,60,40230.0,1233.0,0
5,60,40230.0,4900.0,0
5,60,40232.0,808.0,0
5,60,40232.0,1023.0,0
5,60,40232.0,1046.0,0
5,60,40232.0,1500.0,0
5,60,40232.0,1271.0,0
5,60,40232.0,801.0,0
5,60,40232.0,1000.0,0
5,60,40232.0,32769.0,0
5,60,40232.0,10012.0,0
5,60,40232.0,4900.0,0
5,60,40232.0,1233.0,0
5,60,40232.0,4000.0,0
5,60,40232.0,5825.0,0
5,60,40232.0,60020.0,1
5,60,40232.0,50500.0,1
5,60,40232.0,1658.0,0
5,60,40232.0,8200.0,0
5,60,40232.0,10025.0,0
5,60,40230.0,2602.0,0
5,60,40230.0,1107.0,0
5,60,40230.0,5810.0,0
5,60,40230.0,2800.0,0
5,60,40230.0,10000.0,0
5,60,40230.0,3905.0,0
5,60,40230.0,2103.0,0
5,60,40230.0,16113.0,0
5,60,40230.0,1300.0,0
5,60,40230.0,9200.0,0
5,60,40230.0,1137.0,0
5,60,40230.0,4002.0,0
5,60,40230.0,687.0,0
5,60,40230.0,1110.0,0
5,60,40230.0,465.0,0
5,60,40230.0,2004.0,0
5,60,40230.0,8045.0,0
5,60,40230.0,9898.0,0
5,60,40232.0,2602.0,0
5,60,40232.0,1107.0,0
5,60,40232.0,5810.0,0
5,60,40232.0,2800.0,0
5,60,40232.0,2103.0,0
5,60,40232.0,3905.0,0
5,60,40232.0,10000.0,0
5,60,40232.0,16113.0,0
5,60,40232.0,1300.0,0
5,60,40232.0,9200.0,0
5,60,40232.0,9898.0,0
5,60,40232.0,8045.0,0
5,60,40232.0,2004.0,0
5,60,40232.0,465.0,0
5,60,40232.0,1110.0,0
5,60,40232.0,687.0,0
5,60,40232.0,4002.0,0
5,60,40232.0,1137.0,0
5,60,40230.0,5030.0,0
5,60,40230.0,3703.0,0
5,60,40230.0,1600.0,0
5,60,40230.0,2010.0,0
5,60,40230.0,3493.0,0
5,60,40230.0,4662.0,0
5,60,40230.0,3580.0,0
5,60,40230.0,49160.0,1
5,60,40230.0,9080.0,0
5,60,40230.0,7435.0,0
5,60,40230.0,5998.0,0
5,60,40230.0,17988.0,0
5,60,40230.0,5560.0,0
5,60,40230.0,2608.0,0
5,60,40230.0,9110.0,0
5,60,40230.0,49.0,0
5,60,40230.0,1130.0,0
5,60,40230.0,5054.0,0
5,60,40235.0,135.0,0
5,58,135.0,40235.0,1
5,60,40235.0,135.0,0
5,60,40232.0,3703.0,0
5,60,40232.0,5030.0,0
5,60,40230.0,10243.0,0
5,60,40230.0,49154.0,1
5,60,40230.0,3809.0,0
5,60,40230.0,9944.0,0
5,60,40230.0,2161.0,0
5,60,40230.0,4005.0,0
5,60,40230.0,32773.0,0
5,60,40230.0,7100.0,0
5,60,40230.0,7000.0,0
5,60,40230.0,2875.0,0
5,60,40230.0,3261.0,0
5,60,40230.0,3128.0,0
5,60,40230.0,700.0,0
5,60,40230.0,1058.0,0
5,60,40230.0,464.0,0
5,60,40230.0,4998.0,0
5,60,40230.0,6580.0,0
5,60,40230.0,5550.0,0
5,60,40230.0,3995.0,0
5,60,40230.0,8090.0,0
5,60,40230.0,1580.0,0
5,60,40230.0,16001.0,0
5,60,40230.0,34571.0,1
5,60,40230.0,3945.0,0
5,60,40230.0,20828.0,0
5,60,40230.0,1119.0,0
5,60,40230.0,3324.0,0
5,60,40230.0,15000.0,0
5,60,40230.0,5500.0,0
5,60,40230.0,3325.0,0
5,60,40230.0,4567.0,0
5,60,40230.0,20005.0,0
5,60,40230.0,981.0,0
5,60,40230.0,9535.0,0
5,60,40230.0,4129.0,0
5,60,40230.0,8290.0,0
5,60,40230.0,9011.0,0
5,60,40230.0,3211.0,0
5,60,40230.0,1113.0,0
5,60,40230.0,8333.0,0
5,60,40230.0,1322.0,0
5,60,40230.0,8086.0,0
5,60,40230.0,8088.0,0
5,60,40230.0,25734.0,1
5,60,40230.0,8443.0,0
5,60,40230.0,2500.0,0
5,60,40230.0,8800.0,0
5,60,40230.0,515.0,0
5,60,40232.0,1600.0,0
5,60,40230.0,2869.0,0
5,60,40230.0,9968.0,0
5,60,40230.0,1433.0,0
5,60,40230.0,5120.0,0
5,60,40230.0,41511.0,1
5,60,40230.0,3369.0,0
5,60,40230.0,8021.0,0
5,60,40230.0,1216.0,0
5,60,40230.0,49400.0,1
5,60,40232.0,2010.0,0
5,60,40232.0,4662.0,0
5,60,40232.0,3493.0,0
5,60,40232.0,3580.0,0
5,60,40232.0,49160.0,0
5,60,40232.0,9080.0,0
5,60,40232.0,7435.0,0
5,60,40232.0,17988.0,0
5,60,40232.0,5998.0,0
5,60,40232.0,5054.0,0
5,60,40232.0,1130.0,0
5,60,40232.0,49.0,0
5,60,40232.0,9110.0,0
5,60,40232.0,2608.0,0
5,60,40232.0,5560.0,0
5,60,40232.0,2161.0,0
5,60,40232.0,9944.0,0
5,60,40232.0,3809.0,0
5,60,40232.0,49154.0,0
5,60,40232.0,10243.0,0
5,60,40230.0,1556.0,0
5,60,40230.0,8084.0,0
5,60,40232.0,515.0,0
5,60,40232.0,8800.0,0
5,60,40232.0,2500.0,0
5,60,40232.0,8443.0,0
5,60,40232.0,25734.0,0
5,60,40232.0,8088.0,0
5,60,40232.0,8086.0,0
5,60,40232.0,1322.0,0
5,60,40232.0,8333.0,0
5,60,40232.0,1113.0,0
5,60,40232.0,3211.0,0
5,60,40232.0,9011.0,0
5,60,40232.0,8290.0,0
5,60,40232.0,4129.0,0
5,60,40232.0,9535.0,0
5,60,40232.0,981.0,0
5,60,40232.0,20005.0,0
5,60,40232.0,4567.0,0
5,60,40232.0,3325.0,0
5,60,40232.0,5500.0,0
5,60,40232.0,15000.0,0
5,60,40232.0,3324.0,0
5,60,40232.0,1119.0,0
5,60,40232.0,20828.0,0
5,60,40232.0,3945.0,0
5,60,40232.0,34571.0,0
5,60,40232.0,16001.0,0
5,60,40232.0,1580.0,0
5,60,40232.0,8090.0,0
5,60,40232.0,3995.0,0
5,60,40232.0,5550.0,0
5,60,40232.0,6580.0,0
5,60,40232.0,4998.0,0
5,60,40232.0,464.0,0
5,60,40232.0,1058.0,0
5,60,40232.0,700.0,0
5,60,40232.0,3128.0,0
5,60,40232.0,3261.0,0
5,60,40232.0,2875.0,0
5,60,40232.0,7000.0,0
5,60,40232.0,7100.0,0
5,60,40232.0,32773.0,0
5,60,40232.0,4005.0,0
5,60,40232.0,49400.0,1
5,60,40232.0,1216.0,0
5,60,40232.0,8021.0,0
5,60,40232.0,3369.0,0
5,60,40232.0,41511.0,1
5,60,40232.0,5120.0,0
5,60,40232.0,1433.0,0
5,60,40232.0,9968.0,0
5,60,40232.0,2869.0,0
5,60,40230.0,20031.0,0
5,60,40230.0,6969.0,0
5,60,40230.0,8085.0,0
5,60,40230.0,79.0,0
5,60,40230.0,3.0,0
5,60,40230.0,2038.0,0
5,60,40230.0,52822.0,1
5,60,40230.0,55555.0,1
5,60,40230.0,64680.0,1
5,60,40230.0,1108.0,0
5,60,40230.0,1198.0,0
5,60,40230.0,1126.0,0
5,60,40230.0,1035.0,0
5,60,40230.0,3851.0,0
5,60,40230.0,2065.0,0
5,60,40230.0,3920.0,0
5,60,40230.0,13782.0,0
5,60,40232.0,8084.0,0
5,60,40232.0,1556.0,0
5,60,40230.0,1461.0,0
5,60,40230.0,3476.0,0
5,60,40230.0,6565.0,0
5,60,40230.0,2047.0,0
5,60,40230.0,6839.0,0
5,60,40230.0,873.0,0
5,60,40230.0,8031.0,0
5,60,40230.0,1688.0,0
5,60,40230.0,2126.0,0
5,60,40230.0,4003.0,0
5,60,40230.0,2008.0,0
5,60,40230.0,9040.0,0
5,60,40230.0,16993.0,0
5,60,40230.0,2007.0,0
5,60,40230.0,1022.0,0
5,60,40230.0,3390.0,0
5,60,40230.0,406.0,0
5,60,40230.0,2811.0,0
5,60,40230.0,1721.0,0
5,60,40230.0,987.0,0
5,60,40230.0,9207.0,0
5,60,40230.0,3880.0,0
5,60,40230.0,50006.0,1
5,60,40230.0,3301.0,0
5,60,40230.0,1061.0,0
5,60,40230.0,1030.0,0
5,60,40230.0,1183.0,0
5,60,40230.0,8083.0,0
5,60,40230.0,1056.0,0
5,60,40230.0,1044.0,0
5,60,40230.0,1032.0,0
5,60,40230.0,2005.0,0
5,60,40230.0,2967.0,0
5,60,40230.0,1042.0,0
5,60,40230.0,1095.0,0
5,60,40230.0,902.0,0
5,60,40230.0,109.0,0
5,60,40230.0,787.0,0
5,60,40230.0,10616.0,0
5,60,40230.0,55600.0,1
5,60,40230.0,12345.0,0
5,60,40230.0,32772.0,0
5,60,40230.0,1999.0,0
5,60,40230.0,2909.0,0
5,60,40230.0,4045.0,0
5,60,40230.0,19780.0,0
5,60,40230.0,5718.0,0
5,60,40232.0,20031.0,0
5,60,40230.0,726.0,0
5,60,40230.0,49156.0,1
5,60,40230.0,8300.0,0
5,60,40230.0,5903.0,0
5,60,40230.0,5801.0,0
5,60,40230.0,1935.0,0
5,60,40230.0,1141.0,0
5,60,40230.0,1114.0,0
5,60,40230.0,2492.0,0
5,60,40232.0,6969.0,0
5,60,40232.0,79.0,0
5,60,40232.0,8085.0,0
5,60,40232.0,3.0,0
5,60,40232.0,2038.0,0
5,60,40232.0,52822.0,1
5,60,40232.0,55555.0,1
5,60,40232.0,1108.0,0
5,60,40232.0,64680.0,1
5,60,40232.0,3920.0,0
5,60,40232.0,2065.0,0
5,60,40232.0,3851.0,0
5,60,40232.0,1035.0,0
5,60,40232.0,1126.0,0
5,60,40232.0,1198.0,0
5,60,40232.0,13782.0,0
5,60,40232.0,2047.0,0
5,60,40232.0,6565.0,0
5,60,40232.0,3476.0,0
5,60,40232.0,1461.0,0
5,60,40230.0,1309.0,0
5,60,40230.0,49157.0,1
5,60,40232.0,5718.0,0
5,60,40232.0,19780.0,0
5,60,40232.0,4045.0,0
5,60,40232.0,2909.0,0
5,60,40232.0,1999.0,0
5,60,40232.0,32772.0,0
5,60,40232.0,12345.0,0
5,60,40232.0,55600.0,1
5,60,40232.0,10616.0,0
5,60,40232.0,787.0,0
5,60,40232.0,109.0,0
5,60,40232.0,902.0,0
5,60,40232.0,1095.0,0
5,60,40232.0,1042.0,0
5,60,40232.0,2967.0,0
5,60,40232.0,2005.0,0
5,60,40232.0,1032.0,0
5,60,40232.0,1044.0,0
5,60,40232.0,1056.0,0
5,60,40232.0,8083.0,0
5,60,40232.0,1183.0,0
5,60,40232.0,1030.0,0
5,60,40232.0,1061.0,0
5,60,40232.0,3301.0,0
5,60,40232.0,50006.0,1
5,60,40232.0,3880.0,0
5,60,40232.0,9207.0,0
5,60,40232.0,987.0,0
5,60,40232.0,1721.0,0
5,60,40232.0,2811.0,0
5,60,40232.0,406.0,0
5,60,40232.0,3390.0,0
5,60,40232.0,1022.0,0
5,60,40232.0,2007.0,0
5,60,40232.0,16993.0,0
5,60,40232.0,9040.0,0
5,60,40232.0,2008.0,0
5,60,40232.0,4003.0,0
5,60,40232.0,2126.0,0
5,60,40232.0,1688.0,0
5,60,40232.0,8031.0,0
5,60,40232.0,873.0,0
5,60,40232.0,6839.0,0
5,60,40232.0,2492.0,0
5,60,40232.0,1114.0,0
5,60,40232.0,1141.0,0
5,60,40232.0,1935.0,0
5,60,40232.0,5801.0,0
5,60,40232.0,5903.0,0
5,60,40232.0,8300.0,0
5,60,40232.0,49156.0,0
5,60,40232.0,726.0,0
5,60,40230.0,27352.0,1
5,60,40230.0,32778.0,0
5,60,40230.0,1104.0,0
5,60,40230.0,19.0,0
5,60,40230.0,901.0,0
5,60,40230.0,683.0,0
5,60,40230.0,1187.0,0
5,60,40230.0,10004.0,0
5,60,40230.0,119.0,0
5,60,40230.0,9418.0,0
5,60,40230.0,32770.0,0
5,60,40230.0,3030.0,0
5,60,40230.0,32771.0,0
5,60,40230.0,10566.0,0
5,60,40230.0,24444.0,1
5,60,40230.0,593.0,0
5,60,40230.0,1443.0,0
5,60,40230.0,2701.0,0
5,60,40230.0,7512.0,0
5,60,40230.0,6669.0,0
5,60,40232.0,49157.0,0
5,60,40232.0,1309.0,0
5,60,40230.0,1068.0,0
5,60,40230.0,1037.0,0
5,60,40230.0,7625.0,0
5,60,40230.0,4006.0,0
5,60,40230.0,1840.0,0
5,60,40230.0,545.0,0
5,60,40230.0,4224.0,0
5,60,40230.0,5678.0,0
5,60,40230.0,1034.0,0
5,60,40230.0,50800.0,1
5,60,40230.0,1072.0,0
5,60,40230.0,8899.0,0
5,60,40230.0,1102.0,0
5,60,40230.0,33.0,0
5,60,40230.0,52848.0,1
5,60,40230.0,55055.0,1
5,60,40230.0,1718.0,0
5,60,40230.0,1783.0,0
5,60,40230.0,1163.0,0
5,60,40230.0,1098.0,0
5,60,40230.0,10010.0,0
5,60,40230.0,1053.0,0
5,60,40230.0,2021.0,0
5,60,40230.0,513.0,0
5,60,40230.0,2045.0,0
5,60,40230.0,1164.0,0
5,60,40230.0,3011.0,0
5,60,40230.0,5633.0,0
5,60,40230.0,5080.0,0
5,60,40230.0,2001.0,0
5,60,40230.0,2006.0,0
5,60,40230.0,2040.0,0
5,60,40230.0,2998.0,0
5,60,40230.0,1455.0,0
5,60,40230.0,1169.0,0
5,60,40230.0,6106.0,0
5,60,40230.0,1009.0,0
5,60,40230.0,5357.0,0
5,60,40230.0,1039.0,0
5,60,40230.0,366.0,0
5,60,40230.0,7070.0,0
5,60,40230.0,22939.0,0
5,60,40230.0,8082.0,0
5,60,40230.0,33354.0,0
5,60,40232.0,27352.0,0
5,60,40230.0,6025.0,0
5,60,40230.0,3869.0,0
5,60,40230.0,8081.0,0
5,60,40230.0,7911.0,0
5,60,40230.0,5000.0,0
5,60,40230.0,144.0,0
5,60,40230.0,1311.0,0
5,60,40230.0,2068.0,0
5,60,40230.0,4443.0,0
5,60,40232.0,32778.0,0
5,60,40232.0,19.0,0
5,60,40232.0,1104.0,0
5,60,40232.0,901.0,0
5,60,40232.0,683.0,0
5,60,40232.0,1187.0,0
5,60,40232.0,10004.0,0
5,60,40232.0,9418.0,0
5,60,40232.0,119.0,0
5,60,40232.0,593.0,0
5,60,40232.0,24444.0,0
5,60,40232.0,10566.0,0
5,60,40232.0,32771.0,0
5,60,40232.0,3030.0,0
5,60,40232.0,32770.0,0
5,60,40232.0,1443.0,0
5,60,40232.0,7512.0,0
5,60,40232.0,2701.0,0
5,60,40232.0,1068.0,0
5,60,40232.0,6669.0,0
5,60,40230.0,7007.0,0
5,60,40230.0,8087.0,0
5,60,40232.0,52848.0,1
5,60,40232.0,33.0,0
5,60,40232.0,1102.0,0
5,60,40232.0,8899.0,0
5,60,40232.0,1072.0,0
5,60,40232.0,50800.0,1
5,60,40232.0,1034.0,0
5,60,40232.0,5678.0,0
5,60,40232.0,4224.0,0
5,60,40232.0,545.0,0
5,60,40232.0,1840.0,0
5,60,40232.0,4006.0,0
5,60,40232.0,7625.0,0
5,60,40232.0,1037.0,0
5,60,40232.0,33354.0,0
5,60,40232.0,8082.0,0
5,60,40232.0,22939.0,0
5,60,40232.0,7070.0,0
5,60,40232.0,366.0,0
5,60,40232.0,1039.0,0
5,60,40232.0,5357.0,0
5,60,40232.0,1009.0,0
5,60,40232.0,6106.0,0
5,60,40232.0,1169.0,0
5,60,40232.0,1455.0,0
5,60,40232.0,2998.0,0
5,60,40232.0,2040.0,0
5,60,40232.0,2006.0,0
5,60,40232.0,2001.0,0
5,60,40232.0,5080.0,0
5,60,40232.0,5633.0,0
5,60,40232.0,3011.0,0
5,60,40232.0,1164.0,0
5,60,40232.0,2045.0,0
5,60,40232.0,513.0,0
5,60,40232.0,2021.0,0
5,60,40232.0,1053.0,0
5,60,40232.0,10010.0,0
5,60,40232.0,1098.0,0
5,60,40232.0,1163.0,0
5,60,40232.0,1783.0,0
5,60,40232.0,1718.0,0
5,60,40232.0,55055.0,1
5,60,40232.0,4443.0,0
5,60,40232.0,2068.0,0
5,60,40232.0,1311.0,0
5,60,40232.0,144.0,0
5,60,40232.0,5000.0,0
5,60,40232.0,7911.0,0
5,60,40232.0,8081.0,0
5,60,40232.0,3869.0,0
5,60,40232.0,6025.0,0
5,60,40230.0,5911.0,0
5,60,40230.0,1010.0,0
5,60,40230.0,1641.0,0
5,60,40230.0,44442.0,1
5,60,40230.0,5915.0,0
5,60,40230.0,1124.0,0
5,60,40230.0,1069.0,0
5,60,40230.0,30000.0,1
5,60,40230.0,3071.0,0
5,60,40230.0,1112.0,0
5,60,40230.0,61532.0,1
5,60,40230.0,900.0,0
5,60,40230.0,5405.0,0
5,60,40230.0,3283.0,0
5,60,40230.0,12174.0,0
5,60,40230.0,15742.0,0
5,60,40230.0,2048.0,0
5,60,40230.0,9071.0,0
5,60,40230.0,668.0,0
5,60,40230.0,264.0,0
5,60,40232.0,8087.0,0
5,60,40232.0,7007.0,0
5,60,40230.0,3766.0,0
5,60,40230.0,9415.0,0
5,60,40230.0,5101.0,0
5,60,40230.0,5901.0,0
5,60,40230.0,1145.0,0
5,60,40230.0,2190.0,0
5,60,40230.0,6156.0,0
5,60,40230.0,7443.0,0
5,60,40230.0,3527.0,0
5,60,40230.0,1234.0,0
5,60,40230.0,1074.0,0
5,60,40230.0,10009.0,0
5,60,40230.0,903.0,0
5,60,40230.0,1533.0,0
5,60,40230.0,6789.0,0
5,60,40230.0,3031.0,0
5,60,40230.0,425.0,0
5,60,40230.0,6699.0,0
5,60,40230.0,32782.0,0
5,60,40230.0,50001.0,1
5,60,40230.0,497.0,0
5,60,40230.0,2525.0,0
5,60,40230.0,1024.0,0
5,60,40230.0,7937.0,0
5,60,40230.0,6792.0,0
5,60,40230.0,1287.0,0
5,60,40230.0,49165.0,1
5,60,40230.0,5988.0,0
5,60,40230.0,543.0,0
5,60,40230.0,64623.0,1
5,60,40230.0,1047.0,0
5,60,40230.0,20000.0,0
5,60,40230.0,8291.0,0
5,60,40230.0,9595.0,0
5,60,40230.0,7741.0,0
5,60,40230.0,544.0,0
5,60,40230.0,5989.0,0
5,60,40230.0,6779.0,0
5,60,40230.0,26.0,0
5,60,40230.0,6543.0,0
5,60,40230.0,1084.0,0
5,60,40230.0,1594.0,0
5,60,40230.0,10621.0,0
5,60,40230.0,9485.0,0
5,60,40232.0,1010.0,0
5,60,40232.0,5911.0,0
5,60,40230.0,1259.0,0
5,60,40230.0,1064.0,0
5,60,40230.0,10626.0,0
5,60,40230.0,2604.0,0
5,60,40230.0,63331.0,1
5,60,40230.0,2605.0,0
5,60,40230.0,5298.0,0
5,60,40230.0,3260.0,0
5,60,40230.0,13722.0,0
5,60,40232.0,44442.0,1
5,60,40232.0,1641.0,0
5,60,40232.0,1124.0,0
5,60,40232.0,5915.0,0
5,60,40232.0,1069.0,0
5,60,40232.0,30000.0,0
5,60,40232.0,1112.0,0
5,60,40232.0,3071.0,0
5,60,40232.0,15742.0,0
5,60,40232.0,12174.0,0
5,60,40232.0,3283.0,0
5,60,40232.0,5405.0,0
5,60,40232.0,900.0,0
5,60,40232.0,61532.0,1
5,60,40232.0,2048.0,0
5,60,40232.0,668.0,0
5,60,40232.0,9071.0,0
5,60,40232.0,264.0,0
5,60,40232.0,3766.0,0
5,60,40230.0,1111.0,0
5,60,40230.0,52869.0,1
5,60,40232.0,5101.0,0
5,60,40232.0,9415.0,0
5,60,40232.0,425.0,0
5,60,40232.0,3031.0,0
5,60,40232.0,6789.0,0
5,60,40232.0,1533.0,0
5,60,40232.0,903.0,0
5,60,40232.0,10009.0,0
5,60,40232.0,1074.0,0
5,60,40232.0,1234.0,0
5,60,40232.0,3527.0,0
5,60,40232.0,7443.0,0
5,60,40232.0,6156.0,0
5,60,40232.0,2190.0,0
5,60,40232.0,1145.0,0
5,60,40232.0,5901.0,0
5,60,40232.0,9485.0,0
5,60,40232.0,10621.0,0
5,60,40232.0,1594.0,0
5,60,40232.0,1084.0,0
5,60,40232.0,6543.0,0
5,60,40232.0,26.0,0
5,60,40232.0,6779.0,0
5,60,40232.0,5989.0,0
5,60,40232.0,544.0,0
5,60,40232.0,7741.0,0
5,60,40232.0,9595.0,0
5,60,40232.0,8291.0,0
5,60,40232.0,20000.0,0
5,60,40232.0,1047.0,0
5,60,40232.0,64623.0,1
5,60,40232.0,543.0,0
5,60,40232.0,5988.0,0
5,60,40232.0,49165.0,0
5,60,40232.0,1287.0,0
5,60,40232.0,6792.0,0
5,60,40232.0,7937.0,0
5,60,40232.0,1024.0,0
5,60,40232.0,2525.0,0
5,60,40232.0,497.0,0
5,60,40232.0,50001.0,1
5,60,40232.0,32782.0,0
5,60,40232.0,6699.0,0
5,60,40232.0,13722.0,0
5,60,40232.0,3260.0,0
5,60,40232.0,5298.0,0
5,60,40232.0,2605.0,0
5,60,40232.0,63331.0,1
5,60,40232.0,2604.0,0
5,60,40232.0,10626.0,0
5,60,40232.0,1064.0,0
5,60,40232.0,1259.0,0
5,60,40230.0,8042.0,0
5,60,40230.0,6002.0,0
5,60,40230.0,5902.0,0
5,60,40230.0,7025.0,0
5,60,40230.0,57797.0,1
5,60,40230.0,54328.0,1
5,60,40230.0,667.0,0
5,60,40230.0,16992.0,0
5,60,40230.0,5961.0,0
5,60,40230.0,8649.0,0
5,60,40230.0,765.0,0
5,60,40230.0,3827.0,0
5,60,40230.0,8600.0,0
5,60,40230.0,1065.0,0
5,60,40230.0,1029.0,0
5,60,40230.0,3828.0,0
5,60,40230.0,9618.0,0
5,60,40230.0,1862.0,0
5,60,40230.0,1038.0,0
5,60,40230.0,49161.0,1
5,60,40232.0,52869.0,1
5,60,40232.0,1111.0,0
5,60,40230.0,8100.0,0
5,60,40230.0,88.0,0
5,60,40230.0,6788.0,0
5,60,40230.0,6007.0,0
5,60,40230.0,2034.0,0
5,60,40230.0,6692.0,0
5,60,40230.0,19350.0,0
5,60,40230.0,30718.0,1
5,60,40230.0,163.0,0
5,60,40230.0,512.0,0
5,60,40230.0,3371.0,0
5,60,40230.0,6.0,0
5,60,40230.0,1041.0,0
5,60,40230.0,9917.0,0
5,60,40230.0,49155.0,1
5,60,40230.0,4444.0,0
5,60,40230.0,5555.0,0
5,60,40230.0,31337.0,1
5,60,40230.0,5051.0,0
5,60,40230.0,5960.0,0
5,60,40230.0,4550.0,0
5,60,40230.0,28201.0,1
5,60,40230.0,3367.0,0
5,60,40232.0,7025.0,0
5,60,40232.0,5902.0,0
5,60,40232.0,6002.0,0
5,60,40232.0,8042.0,0
5,60,40230.0,49176.0,1
5,60,40230.0,5190.0,0
5,60,40230.0,1033.0,0
5,60,40230.0,3659.0,0
5,60,40230.0,8654.0,0
5,60,40230.0,4279.0,0
5,60,40230.0,50000.0,1
5,60,40230.0,3333.0,0
5,60,40230.0,32781.0,0
5,60,40230.0,1296.0,0
5,60,40230.0,1002.0,0
5,60,40230.0,9502.0,0
5,60,40230.0,1097.0,0
5,60,40230.0,2393.0,0
5,60,40230.0,1972.0,0
5,60,40230.0,2020.0,0
5,60,40230.0,2920.0,0
5,60,40230.0,1185.0,0
5,60,40230.0,1094.0,0
5,60,40230.0,16000.0,0
5,60,40230.0,1213.0,0
5,60,40230.0,1080.0,0
5,60,40230.0,10024.0,0
5,60,40230.0,3826.0,0
5,60,40230.0,3690.0,0
5,60,40230.0,1060.0,0
5,60,40230.0,306.0,0
5,60,40230.0,444.0,0
5,60,40230.0,5226.0,0
5,60,40230.0,1073.0,0
5,60,40232.0,667.0,0
5,60,40232.0,54328.0,1
5,60,40232.0,57797.0,1
5,60,40232.0,16992.0,0
5,60,40232.0,8649.0,0
5,60,40232.0,5961.0,0
5,60,40232.0,3828.0,0
5,60,40232.0,1029.0,0
5,60,40232.0,1065.0,0
5,60,40232.0,8600.0,0
5,60,40232.0,3827.0,0
5,60,40232.0,765.0,0
5,60,40232.0,9618.0,0
5,60,40232.0,1862.0,0
5,60,40232.0,1038.0,0
5,60,40232.0,49161.0,0
5,60,40232.0,8100.0,0
5,60,40230.0,2046.0,0
5,60,40230.0,5200.0,0
5,60,40232.0,6007.0,0
5,60,40232.0,6788.0,0
5,60,40232.0,88.0,0
5,60,40232.0,6692.0,0
5,60,40232.0,2034.0,0
5,60,40232.0,5555.0,0
5,60,40232.0,4444.0,0
5,60,40232.0,49155.0,0
5,60,40232.0,9917.0,0
5,60,40232.0,1041.0,0
5,60,40232.0,6.0,0
5,60,40232.0,3371.0,0
5,60,40232.0,512.0,0
5,60,40232.0,163.0,0
5,60,40232.0,30718.0,0
5,60,40232.0,19350.0,0
5,60,40232.0,3367.0,0
5,60,40232.0,28201.0,0
5,60,40232.0,4550.0,0
5,60,40232.0,5960.0,0
5,60,40232.0,5051.0,0
5,60,40232.0,31337.0,0
5,60,40230.0,7920.0,0
5,60,40230.0,3998.0,0
5,60,40232.0,1073.0,0
5,60,40232.0,5226.0,0
5,60,40232.0,444.0,0
5,60,40232.0,306.0,0
5,60,40232.0,1060.0,0
5,60,40232.0,3690.0,0
5,60,40232.0,3826.0,0
5,60,40232.0,10024.0,0
5,60,40232.0,1080.0,0
5,60,40232.0,1213.0,0
5,60,40232.0,16000.0,0
5,60,40232.0,1094.0,0
5,60,40232.0,1185.0,0
5,60,40232.0,2920.0,0
5,60,40232.0,2020.0,0
5,60,40232.0,1972.0,0
5,60,40232.0,2393.0,0
5,60,40232.0,1097.0,0
5,60,40232.0,9502.0,0
5,60,40232.0,1002.0,0
5,60,40232.0,1296.0,0
5,60,40232.0,32781.0,0
5,60,40232.0,3333.0,0
5,60,40232.0,50000.0,1
5,60,40232.0,4279.0,0
5,60,40232.0,8654.0,0
5,60,40232.0,3659.0,0
5,60,40232.0,1033.0,0
5,60,40232.0,5190.0,0
5,60,40232.0,49176.0,0
5,60,40230.0,10215.0,0
5,60,40230.0,81.0,0
5,60,40230.0,24.0,0
5,60,40230.0,1864.0,0
5,60,40230.0,7002.0,0
5,60,40230.0,49153.0,1
5,60,40230.0,4242.0,0
5,60,40230.0,3800.0,0
5,60,40230.0,106.0,0
5,60,40230.0,2196.0,0
5,60,40230.0,5986.0,0
5,60,40230.0,3001.0,0
5,60,40230.0,5001.0,0
5,60,40230.0,2111.0,0
5,60,40230.0,1971.0,0
5,60,40230.0,9050.0,0
5,60,40230.0,1085.0,0
5,60,40230.0,1078.0,0
5,60,40230.0,9009.0,0
5,60,40232.0,5200.0,0
5,60,40232.0,2046.0,0
5,60,40230.0,1070.0,0
5,60,40230.0,5925.0,0
5,60,40230.0,32779.0,0
5,60,40230.0,8383.0,0
5,60,40230.0,3370.0,0
5,60,40230.0,749.0,0
5,60,40230.0,3077.0,0
5,60,40230.0,2033.0,0
5,60,40230.0,911.0,0
5,60,40230.0,90.0,0
5,60,40230.0,417.0,0
5,60,40230.0,211.0,0
5,60,40230.0,1096.0,0
5,60,40230.0,3300.0,0
5,60,40230.0,1218.0,0
5,60,40230.0,7938.0,0
5,60,40230.0,125.0,0
5,60,40232.0,3998.0,0
5,60,40232.0,7920.0,0
5,60,40230.0,61900.0,1
5,60,40230.0,9503.0,0
5,60,40230.0,49163.0,1
5,60,40230.0,3268.0,0
5,60,40230.0,2366.0,0
5,60,40230.0,1054.0,0
5,60,40230.0,4004.0,0
5,60,40230.0,481.0,0
5,60,40230.0,5666.0,0
5,60,40230.0,24800.0,1
5,60,40230.0,1.0,0
5,60,40230.0,32777.0,0
5,60,40230.0,2144.0,0
5,60,40230.0,5800.0,0
5,60,40232.0,81.0,0
5,60,40232.0,10215.0,0
5,60,40230.0,1131.0,0
5,60,40230.0,843.0,0
5,60,40230.0,1049.0,0
5,60,40230.0,83.0,0
5,60,40230.0,1123.0,0
5,60,40230.0,8500.0,0
5,60,40230.0,1083.0,0
5,60,40230.0,1043.0,0
5,60,40230.0,32774.0,0
5,60,40230.0,8007.0,0
5,60,40230.0,2601.0,0
5,60,40230.0,6566.0,0
5,60,40230.0,9594.0,0
5,60,40230.0,6502.0,0
5,60,40230.0,2401.0,0
5,60,40230.0,9001.0,0
5,60,40230.0,259.0,0
5,60,40230.0,16080.0,0
5,60,40230.0,5987.0,0
5,60,40230.0,20222.0,0
5,60,40230.0,8254.0,0
5,60,40232.0,49153.0,0
5,60,40232.0,7002.0,0
5,60,40232.0,1864.0,0
5,60,40232.0,24.0,0
5,60,40232.0,4242.0,0
5,60,40232.0,3800.0,0
5,60,40232.0,2111.0,0
5,60,40232.0,5001.0,0
5,60,40232.0,3001.0,0
5,60,40232.0,5986.0,0
5,60,40232.0,2196.0,0
5,60,40232.0,106.0,0
5,60,40232.0,1971.0,0
5,60,40232.0,9050.0,0
5,60,40232.0,1085.0,0
5,60,40232.0,1078.0,0
5,60,40232.0,9009.0,0
5,60,40232.0,32779.0,0
5,60,40232.0,5925.0,0
5,60,40232.0,1070.0,0
5,60,40230.0,563.0,0
5,60,40230.0,13456.0,0
5,60,40232.0,3370.0,0
5,60,40232.0,8383.0,0
5,60,40232.0,90.0,0
5,60,40232.0,911.0,0
5,60,40232.0,2033.0,0
5,60,40232.0,3077.0,0
5,60,40232.0,749.0,0
5,60,40232.0,125.0,0
5,60,40232.0,7938.0,0
5,60,40232.0,1218.0,0
5,60,40232.0,3300.0,0
5,60,40232.0,1096.0,0
5,60,40232.0,211.0,0
5,60,40232.0,417.0,0
5,60,40232.0,2366.0,0
5,60,40232.0,3268.0,0
5,60,40232.0,49163.0,0
5,60,40232.0,9503.0,0
5,60,40232.0,61900.0,1
5,60,40230.0,1079.0,0
5,60,40230.0,1174.0,0
5,60,40232.0,5800.0,0
5,60,40232.0,2144.0,0
5,60,40232.0,32777.0,0
5,60,40232.0,1.0,0
5,60,40232.0,24800.0,0
5,60,40232.0,5666.0,0
5,60,40232.0,481.0,0
5,60,40232.0,4004.0,0
5,60,40232.0,1054.0,0
5,60,40232.0,8254.0,0
5,60,40232.0,20222.0,0
5,60,40232.0,5987.0,0
5,60,40232.0,16080.0,0
5,60,40232.0,259.0,0
5,60,40232.0,9001.0,0
5,60,40232.0,2401.0,0
5,60,40232.0,6502.0,0
5,60,40232.0,9594.0,0
5,60,40232.0,6566.0,0
5,60,40232.0,2601.0,0
5,60,40232.0,8007.0,0
5,60,40232.0,32774.0,0
5,60,40232.0,1043.0,0
5,60,40232.0,1083.0,0
5,60,40232.0,8500.0,0
5,60,40232.0,1123.0,0
5,60,40232.0,83.0,0
5,60,40232.0,1049.0,0
5,60,40232.0,843.0,0
5,60,40232.0,1131.0,0
5,60,40230.0,1244.0,0
5,60,40230.0,5950.0,0
5,60,40230.0,27356.0,1
5,60,40230.0,1048.0,0
5,60,40230.0,3546.0,0
5,60,40230.0,3404.0,0
5,60,40230.0,1027.0,0
5,60,40230.0,34573.0,1
5,60,40230.0,18988.0,0
5,60,40230.0,5962.0,0
5,60,40230.0,2179.0,0
5,60,40230.0,100.0,0
5,60,40230.0,21571.0,0
5,60,40230.0,9090.0,0
5,60,40230.0,3878.0,0
5,60,40230.0,35500.0,1
5,60,40230.0,1082.0,0
5,60,40230.0,1077.0,0
5,60,40230.0,10001.0,0
5,60,40230.0,2557.0,0
5,60,40230.0,2399.0,0
5,60,40230.0,8093.0,0
5,60,40232.0,13456.0,0
5,60,40232.0,563.0,0
5,60,40230.0,340.0,0
5,60,40230.0,9102.0,0
5,60,40230.0,1192.0,0
5,60,40230.0,51493.0,1
5,60,40230.0,5222.0,0
5,60,40230.0,6547.0,0
5,60,40230.0,1914.0,0
5,60,40230.0,99.0,0
5,60,40230.0,11110.0,0
5,60,40230.0,2030.0,0
5,60,40230.0,3372.0,0
5,60,40230.0,5730.0,0
5,60,40230.0,2009.0,0
5,60,40230.0,2135.0,0
5,60,40232.0,1174.0,0
5,60,40232.0,1079.0,0
5,60,40230.0,2002.0,0
5,60,40230.0,179.0,0
5,60,40230.0,2382.0,0
5,60,40230.0,27000.0,1
5,60,40230.0,6666.0,0
5,60,40230.0,2323.0,0
5,60,40230.0,8292.0,0
5,60,40230.0,9103.0,0
5,60,40230.0,1236.0,0
5,60,40230.0,43.0,0
5,60,40230.0,6646.0,0
5,60,40230.0,15660.0,0
5,60,40230.0,1001.0,0
5,60,40230.0,1755.0,0
5,60,40232.0,5950.0,0
5,60,40232.0,1244.0,0
5,60,40230.0,6510.0,0
5,60,40230.0,32776.0,0
5,60,40230.0,3017.0,0
5,60,40230.0,691.0,0
5,60,40230.0,1132.0,0
5,60,40230.0,9593.0,0
5,60,40230.0,2191.0,0
5,60,40230.0,722.0,0
5,60,40230.0,1352.0,0
5,60,40230.0,62078.0,1
5,60,40230.0,8651.0,0
5,60,40230.0,1301.0,0
5,60,40230.0,9100.0,0
5,60,40230.0,7103.0,0
5,60,40230.0,6123.0,0
5,60,40230.0,2607.0,0
5,60,40230.0,1875.0,0
5,60,40230.0,30.0,0
5,60,40230.0,10628.0,0
5,60,40230.0,5850.0,0
5,60,40230.0,3784.0,0
5,60,40232.0,3404.0,0
5,60,40232.0,3546.0,0
5,60,40232.0,1048.0,0
5,60,40232.0,27356.0,0
5,60,40232.0,1027.0,0
5,60,40232.0,34573.0,0
5,60,40232.0,18988.0,0
5,60,40232.0,9090.0,0
5,60,40232.0,21571.0,0
5,60,40232.0,100.0,0
5,60,40232.0,2179.0,0
5,60,40232.0,5962.0,0
5,60,40237.0,135.0,0
5,58,135.0,40237.0,1
5,60,40237.0,135.0,0
5,60,40232.0,35500.0,0
5,60,40232.0,3878.0,0
5,60,40230.0,2200.0,0
5,60,40230.0,38292.0,1
5,60,40232.0,1082.0,0
5,60,40232.0,1077.0,0
5,60,40232.0,10001.0,0
5,60,40232.0,8093.0,0
5,60,40232.0,2399.0,0
5,60,40232.0,2557.0,0
5,60,40230.0,32.0,0
5,60,40230.0,1700.0,0
5,60,40232.0,9102.0,0
5,60,40232.0,340.0,0
5,60,40232.0,1914.0,0
5,60,40232.0,6547.0,0
5,60,40232.0,5222.0,0
5,60,40232.0,51493.0,1
5,60,40232.0,1192.0,0
5,60,40232.0,5730.0,0
5,60,40232.0,3372.0,0
5,60,40232.0,2030.0,0
5,60,40232.0,11110.0,0
5,60,40232.0,99.0,0
5,60,40232.0,2135.0,0
5,60,40232.0,2009.0,0
5,60,40232.0,6666.0,0
5,60,40232.0,27000.0,0
5,60,40232.0,2382.0,0
5,60,40232.0,179.0,0
5,60,40232.0,2002.0,0
5,60,40230.0,3918.0,0
5,60,40230.0,26214.0,1
5,60,40232.0,1755.0,0
5,60,40232.0,1001.0,0
5,60,40232.0,15660.0,0
5,60,40232.0,6646.0,0
5,60,40232.0,43.0,0
5,60,40232.0,1236.0,0
5,60,40232.0,9103.0,0
5,60,40232.0,8292.0,0
5,60,40232.0,2323.0,0
5,60,40232.0,3784.0,0
5,60,40232.0,5850.0,0
5,60,40232.0,10628.0,0
5,60,40232.0,30.0,0
5,60,40232.0,1875.0,0
5,60,40232.0,2607.0,0
5,60,40232.0,6123.0,0
5,60,40232.0,7103.0,0
5,60,40232.0,9100.0,0
5,60,40232.0,1301.0,0
5,60,40232.0,8651.0,0
5,60,40232.0,62078.0,1
5,60,40232.0,1352.0,0
5,60,40232.0,722.0,0
5,60,40232.0,2191.0,0
5,60,40232.0,9593.0,0
5,60,40232.0,1132.0,0
5,60,40232.0,691.0,0
5,60,40232.0,3017.0,0
5,60,40232.0,32776.0,0
5,60,40232.0,6510.0,0
5,60,40230.0,648.0,0
5,60,40230.0,55056.0,1
5,60,40230.0,2043.0,0
5,60,40230.0,555.0,0
5,60,40230.0,5904.0,0
5,60,40230.0,666.0,0
5,60,40230.0,1165.0,0
5,60,40230.0,1801.0,0
5,60,40230.0,27355.0,1
5,60,40230.0,1093.0,0
5,60,40230.0,625.0,0
5,60,40230.0,1761.0,0
5,60,40230.0,9575.0,0
5,60,40230.0,1026.0,0
5,60,40232.0,38292.0,1
5,60,40232.0,2200.0,0
5,60,40230.0,705.0,0
5,60,40230.0,2099.0,0
5,60,40230.0,1503.0,0
5,60,40230.0,8994.0,0
5,60,40230.0,1328.0,0
5,60,40230.0,1121.0,0
5,60,40230.0,1087.0,0
5,60,40230.0,5003.0,0
5,60,40232.0,1700.0,0
5,60,40232.0,32.0,0
5,60,40230.0,5811.0,0
5,60,40230.0,5087.0,0
5,60,40230.0,3351.0,0
5,60,40230.0,1998.0,0
5,60,40230.0,27353.0,1
5,60,40230.0,1782.0,0
5,60,40230.0,5004.0,0
5,60,40230.0,1175.0,0
5,60,40230.0,1151.0,0
5,60,40230.0,18101.0,0
5,60,40230.0,5225.0,0
5,60,40230.0,161.0,0
5,60,40230.0,9999.0,0
5,60,40232.0,26214.0,0
5,60,40232.0,3918.0,0
5,60,40230.0,60443.0,1
5,60,40230.0,8400.0,0
5,60,40230.0,4446.0,0
5,60,40230.0,10778.0,0
5,60,40230.0,19842.0,0
5,60,40230.0,49999.0,1
5,60,40230.0,25735.0,1
5,60,40230.0,32775.0,0
5,60,40230.0,3737.0,0
5,60,40230.0,3971.0,0
5,60,40230.0,1051.0,0
5,60,40230.0,5432.0,0
5,60,40230.0,1086.0,0
5,60,40230.0,40193.0,1
5,60,40230.0,1148.0,0
5,60,40232.0,55056.0,1
5,60,40232.0,648.0,0
5,60,40230.0,2968.0,0
5,60,40230.0,6059.0,0
5,60,40230.0,5959.0,0
5,60,40230.0,2106.0,0
5,60,40230.0,6000.0,0
5,60,40230.0,1007.0,0
5,60,40230.0,51103.0,1
5,60,40230.0,3814.0,0
5,60,40230.0,1947.0,0
5,60,40230.0,2022.0,0
5,60,40230.0,1272.0,0
5,60,40230.0,32783.0,0
5,60,40230.0,1166.0,0
5,60,40230.0,9943.0,0
5,60,40230.0,8701.0,0
5,60,40230.0,7004.0,0
5,60,40230.0,8089.0,0
5,60,40230.0,1334.0,0
5,60,40230.0,17.0,0
5,60,40230.0,7999.0,0
5,60,40230.0,13783.0,0
5,60,40232.0,666.0,0
5,60,40232.0,5904.0,0
5,60,40232.0,555.0,0
5,60,40232.0,2043.0,0
5,60,40232.0,1801.0,0
5,60,40232.0,1165.0,0
5,60,40232.0,27355.0,0
5,60,40232.0,1026.0,0
5,60,40232.0,9575.0,0
5,60,40232.0,1761.0,0
5,60,40232.0,625.0,0
5,60,40232.0,1093.0,0
5,60,40230.0,10003.0,0
5,60,40232.0,1503.0,0
5,60,40232.0,2099.0,0
5,60,40232.0,705.0,0
5,60,40230.0,4343.0,0
5,60,40232.0,8994.0,0
5,60,40232.0,1328.0,0
5,60,40232.0,1121.0,0
5,60,40232.0,5003.0,0
5,60,40232.0,1087.0,0
5,60,40232.0,5087.0,0
5,60,40232.0,5811.0,0
5,60,40230.0,9877.0,0
5,60,40230.0,2288.0,0
5,60,40232.0,5004.0,0
5,60,40232.0,1782.0,0
5,60,40232.0,27353.0,0
5,60,40232.0,1998.0,0
5,60,40232.0,3351.0,0
5,60,40232.0,9999.0,0
5,60,40232.0,161.0,0
5,60,40232.0,5225.0,0
5,60,40232.0,18101.0,0
5,60,40232.0,1151.0,0
5,60,40232.0,1175.0,0
5,60,40232.0,60443.0,1
5,60,40230.0,1717.0,0
5,60,40230.0,14000.0,0
5,60,40232.0,49999.0,1
5,60,40232.0,19842.0,0
5,60,40232.0,10778.0,0
5,60,40232.0,4446.0,0
5,60,40232.0,8400.0,0
5,60,40232.0,1148.0,0
5,60,40232.0,40193.0,1
5,60,40232.0,1086.0,0
5,60,40232.0,5432.0,0
5,60,40232.0,1051.0,0
5,60,40232.0,3971.0,0
5,60,40232.0,3737.0,0
5,60,40232.0,32775.0,0
5,60,40232.0,25735.0,0
5,60,40232.0,13783.0,0
5,60,40232.0,7999.0,0
5,60,40232.0,17.0,0
5,60,40232.0,1334.0,0
5,60,40232.0,8089.0,0
5,60,40232.0,7004.0,0
5,60,40232.0,8701.0,0
5,60,40232.0,9943.0,0
5,60,40232.0,1166.0,0
5,60,40232.0,32783.0,0
5,60,40232.0,1272.0,0
5,60,40232.0,2022.0,0
5,60,40232.0,1947.0,0
5,60,40232.0,3814.0,0
5,60,40232.0,51103.0,1
5,60,40232.0,1007.0,0
5,60,40232.0,6000.0,0
5,60,40232.0,2106.0,0
5,60,40232.0,5959.0,0
5,60,40232.0,6059.0,0
5,60,40232.0,2968.0,0
5,60,40230.0,1154.0,0
5,60,40230.0,5050.0,0
5,60,40230.0,14441.0,0
5,60,40230.0,1666.0,0
5,60,40230.0,3168.0,0
5,60,40230.0,222.0,0
5,60,40230.0,1091.0,0
5,60,40230.0,1092.0,0
5,60,40230.0,3322.0,0
5,60,40230.0,1031.0,0
5,60,40230.0,12000.0,0
5,60,40230.0,27715.0,1
5,60,40230.0,6129.0,0
5,60,40230.0,6004.0,0
5,60,40232.0,10003.0,0
5,60,40230.0,458.0,0
5,60,40232.0,4343.0,0
5,60,40230.0,7800.0,0
5,60,40230.0,8010.0,0
5,60,40230.0,52673.0,1
5,60,40230.0,1310.0,0
5,60,40230.0,2100.0,0
5,60,40230.0,2105.0,0
5,60,40230.0,9220.0,0
5,60,40232.0,2288.0,0
5,60,40232.0,9877.0,0
5,60,40230.0,1066.0,0
5,60,40230.0,1045.0,0
5,60,40230.0,9003.0,0
5,60,40230.0,49152.0,1
5,60,40230.0,19315.0,0
5,60,40230.0,6005.0,0
5,60,40230.0,9081.0,0
5,60,40230.0,1106.0,0
5,60,40230.0,8008.0,0
5,60,40230.0,1099.0,0
5,60,40230.0,10180.0,0
5,60,40230.0,888.0,0
5,60,40230.0,9876.0,0
5,60,40232.0,14000.0,0
5,60,40232.0,1717.0,0
5,60,40230.0,4899.0,0
5,60,40230.0,8000.0,0
5,60,40230.0,49158.0,1
5,60,40230.0,898.0,0
5,60,40230.0,5631.0,0
5,60,40230.0,14442.0,0
5,60,40230.0,9010.0,0
5,60,40230.0,56738.0,1
5,60,40230.0,1059.0,0
5,60,40230.0,1067.0,0
5,60,40230.0,407.0,0
5,60,40230.0,2301.0,0
5,60,40230.0,44443.0,1
5,60,40230.0,1839.0,0
5,60,40230.0,5679.0,0
5,60,40232.0,5050.0,0
5,60,40232.0,1154.0,0
5,60,40230.0,6001.0,0
5,60,40230.0,5566.0,0
5,60,40230.0,783.0,0
5,60,40230.0,84.0,0
5,60,40230.0,48080.0,1
5,60,40230.0,7496.0,0
5,60,40230.0,5033.0,0
5,60,40230.0,1900.0,0
5,60,40230.0,5221.0,0
5,60,40230.0,5802.0,0
5,60,40230.0,2170.0,0
5,60,40230.0,1147.0,0
5,60,40230.0,2718.0,0
5,60,40230.0,15004.0,0
5,60,40230.0,16018.0,0
5,60,40230.0,254.0,0
5,60,40230.0,5822.0,0
5,60,40230.0,8222.0,0
5,60,40230.0,4.0,0
5,60,40230.0,32785.0,0
5,60,40230.0,58080.0,1
5,60,40232.0,222.0,0
5,60,40232.0,3168.0,0
5,60,40232.0,1666.0,0
5,60,40232.0,14441.0,0
5,60,40232.0,1092.0,0
5,60,40232.0,1091.0,0
5,60,40232.0,3322.0,0
5,60,40232.0,6004.0,0
5,60,40232.0,6129.0,0
5,60,40232.0,27715.0,0
5,60,40232.0,12000.0,0
5,60,40232.0,1031.0,0
5,60,40230.0,7106.0,0
5,60,40232.0,458.0,0
5,60,40232.0,8010.0,0
5,60,40232.0,7800.0,0
5,60,40230.0,14238.0,0
5,60,40232.0,52673.0,1
5,60,40232.0,1310.0,0
5,60,40232.0,2100.0,0
5,60,40232.0,9220.0,0
5,60,40232.0,2105.0,0
5,60,40232.0,1045.0,0
5,60,40232.0,1066.0,0
5,60,40230.0,1805.0,0
5,60,40230.0,8193.0,0
5,60,40232.0,9081.0,0
5,60,40232.0,6005.0,0
5,60,40232.0,19315.0,0
5,60,40232.0,49152.0,0
5,60,40232.0,9003.0,0
5,60,40232.0,9876.0,0
5,60,40232.0,888.0,0
5,60,40232.0,10180.0,0
5,60,40232.0,1099.0,0
5,60,40232.0,8008.0,0
5,60,40232.0,1106.0,0
5,60,40232.0,4899.0,0
5,60,40230.0,5985.0,0
5,60,40230.0,20.0,0
5,60,40232.0,14442.0,0
5,60,40232.0,5631.0,0
5,60,40232.0,898.0,0
5,60,40232.0,49158.0,0
5,60,40232.0,8000.0,0
5,60,40232.0,5679.0,0
5,60,40232.0,1839.0,0
5,60,40232.0,44443.0,1
5,60,40232.0,2301.0,0
5,60,40232.0,407.0,0
5,60,40232.0,1067.0,0
5,60,40232.0,1059.0,0
5,60,40232.0,56738.0,1
5,60,40232.0,9010.0,0
5,60,40232.0,58080.0,1
5,60,40232.0,32785.0,0
5,60,40232.0,4.0,0
5,60,40232.0,8222.0,0
5,60,40232.0,5822.0,0
5,60,40232.0,254.0,0
5,60,40232.0,16018.0,0
5,60,40232.0,15004.0,0
5,60,40232.0,2718.0,0
5,60,40232.0,1147.0,0
5,60,40232.0,2170.0,0
5,60,40232.0,5802.0,0
5,60,40232.0,5221.0,0
5,60,40232.0,1900.0,0
5,60,40232.0,5033.0,0
5,60,40232.0,7496.0,0
5,60,40232.0,48080.0,1
5,60,40232.0,84.0,0
5,60,40232.0,783.0,0
5,60,40232.0,5566.0,0
5,60,40232.0,6001.0,0
5,60,40230.0,5280.0,0
5,60,40230.0,4321.0,0
5,60,40230.0,7676.0,0
5,60,40230.0,6100.0,0
5,60,40230.0,8022.0,0
5,60,40230.0,3052.0,0
5,60,40230.0,6567.0,0
5,60,40230.0,9.0,0
5,60,40230.0,1199.0,0
5,60,40230.0,19801.0,0
5,60,40230.0,9666.0,0
5,60,40230.0,8011.0,0
5,60,40230.0,2041.0,0
5,60,40230.0,255.0,0
5,60,40232.0,7106.0,0
5,60,40230.0,6667.0,0
5,60,40230.0,20221.0,0
5,60,40232.0,14238.0,0
5,60,40230.0,2160.0,0
5,60,40230.0,427.0,0
5,60,40230.0,616.0,0
5,60,40230.0,42.0,0
5,60,40230.0,50636.0,1
5,60,40230.0,42510.0,1
5,60,40232.0,8193.0,0
5,60,40232.0,1805.0,0
5,60,40230.0,514.0,0
5,60,40230.0,9998.0,0
5,60,40230.0,3006.0,0
5,60,40230.0,6668.0,0
5,60,40230.0,6101.0,0
5,60,40230.0,3269.0,0
5,60,40230.0,16012.0,0
5,60,40230.0,1524.0,0
5,60,40230.0,5906.0,0
5,60,40230.0,1521.0,0
5,60,40230.0,5414.0,0
5,60,40230.0,9000.0,0
5,60,40230.0,11111.0,0
5,60,40232.0,20.0,0
5,60,40232.0,5985.0,0
5,60,40230.0,1984.0,0
5,60,40230.0,11967.0,0
5,60,40230.0,7627.0,0
5,60,40230.0,2013.0,0
5,60,40230.0,3551.0,0
5,60,40230.0,34572.0,1
5,60,40230.0,5910.0,0
5,60,40230.0,1122.0,0
5,60,40230.0,2702.0,0
5,60,40230.0,3517.0,0
5,60,40230.0,1201.0,0
5,60,40230.0,49159.0,1
5,60,40230.0,1057.0,0
5,60,40230.0,5999.0,0
5,60,40230.0,6006.0,0
5,60,40232.0,4321.0,0
5,60,40232.0,5280.0,0
5,60,40230.0,4848.0,0
5,60,40230.0,3003.0,0
5,60,40230.0,65389.0,1
5,60,40230.0,1050.0,0
5,60,40230.0,1011.0,0
5,60,40230.0,4001.0,0
5,60,40230.0,1036.0,0
5,60,40230.0,6901.0,0
5,60,40230.0,6009.0,0
5,60,40230.0,9500.0,0
5,60,40230.0,1138.0,0
5,60,40230.0,8192.0,0
5,60,40230.0,5269.0,0
5,60,40230.0,2383.0,0
5,60,40230.0,389.0,0
5,60,40230.0,19283.0,0
5,60,40230.0,3986.0,0
5,60,40230.0,89.0,0
5,60,40230.0,5102.0,0
5,60,40230.0,4111.0,0
5,60,40230.0,880.0,0
5,60,40232.0,9.0,0
5,60,40232.0,6567.0,0
5,60,40232.0,3052.0,0
5,60,40232.0,8022.0,0
5,60,40232.0,6100.0,0
5,60,40232.0,7676.0,0
5,60,40232.0,1199.0,0
5,60,40232.0,255.0,0
5,60,40232.0,2041.0,0
5,60,40232.0,8011.0,0
5,60,40232.0,9666.0,0
5,60,40232.0,19801.0,0
5,60,40230.0,999.0,0
5,60,40232.0,6667.0,0
5,60,40232.0,20221.0,0
5,60,40232.0,2160.0,0
5,60,40230.0,8181.0,0
5,60,40232.0,616.0,0
5,60,40232.0,427.0,0
5,60,40232.0,42.0,0
5,60,40232.0,42510.0,1
5,60,40232.0,50636.0,1
5,60,40232.0,9998.0,0
5,60,40232.0,514.0,0
5,60,40230.0,23502.0,1
5,60,40230.0,10617.0,0
5,60,40232.0,16012.0,0
5,60,40232.0,3269.0,0
5,60,40232.0,6101.0,0
5,60,40232.0,6668.0,0
5,60,40232.0,3006.0,0
5,60,40232.0,11111.0,0
5,60,40232.0,9000.0,0
5,60,40232.0,5414.0,0
5,60,40232.0,1521.0,0
5,60,40232.0,5906.0,0
5,60,40232.0,1524.0,0
5,60,40232.0,34572.0,0
5,60,40232.0,3551.0,0
5,60,40232.0,2013.0,0
5,60,40232.0,7627.0,0
5,60,40232.0,11967.0,0
5,60,40232.0,1984.0,0
5,60,40230.0,7921.0,0
5,60,40230.0,37.0,0
5,60,40232.0,6006.0,0
5,60,40232.0,5999.0,0
5,60,40232.0,1057.0,0
5,60,40232.0,49159.0,0
5,60,40232.0,1201.0,0
5,60,40232.0,3517.0,0
5,60,40232.0,2702.0,0
5,60,40232.0,1122.0,0
5,60,40232.0,5910.0,0
5,60,40232.0,4001.0,0
5,60,40232.0,1011.0,0
5,60,40232.0,1050.0,0
5,60,40232.0,65389.0,1
5,60,40232.0,3003.0,0
5,60,40232.0,4848.0,0
5,60,40230.0,1063.0,0
5,60,40230.0,9099.0,0
5,60,40232.0,880.0,0
5,60,40232.0,4111.0,0
5,60,40232.0,5102.0,0
5,60,40232.0,89.0,0
5,60,40232.0,3986.0,0
5,60,40232.0,19283.0,0
5,60,40232.0,389.0,0
5,60,40232.0,2383.0,0
5,60,40232.0,5269.0,0
5,60,40232.0,8192.0,0
5,60,40232.0,1138.0,0
5,60,40232.0,9500.0,0
5,60,40232.0,6009.0,0
5,60,40232.0,6901.0,0
5,60,40232.0,1036.0,0
5,60,40230.0,1248.0,0
5,60,40230.0,1863.0,0
5,60,40230.0,6389.0,0
5,60,40230.0,49175.0,1
5,60,40230.0,2910.0,0
5,60,40230.0,2121.0,0
5,60,40230.0,912.0,0
5,60,40230.0,50003.0,1
5,60,40230.0,7200.0,0
5,60,40230.0,13.0,0
5,60,40230.0,7.0,0
5,60,40230.0,3801.0,0
5,60,40232.0,999.0,0
5,60,40230.0,636.0,0
5,60,40230.0,5907.0,0
5,60,40230.0,4449.0,0
5,60,40232.0,8181.0,0
5,60,40230.0,8194.0,0
5,60,40230.0,8002.0,0
5,60,40230.0,777.0,0
5,60,40230.0,56737.0,1
0,42,0.0,0.0,1
5,60,40230.0,524.0,0
5,60,40230.0,33899.0,1
5,60,40230.0,8873.0,0
0,60,0.0,0.0,1
5,60,40232.0,37.0,0
5,60,40232.0,7921.0,0
5,60,40232.0,10617.0,0
5,60,40232.0,23502.0,0
5,60,40230.0,2381.0,0
5,60,40230.0,5815.0,0
5,60,40230.0,2222.0,0
5,60,40230.0,714.0,0
5,60,40230.0,1812.0,0
5,60,40230.0,1028.0,0
5,60,40230.0,4126.0,0
5,60,40230.0,3221.0,0
5,60,40230.0,631.0,0
5,60,40230.0,65129.0,1
5,60,40230.0,31038.0,1
5,60,40230.0,3889.0,0
5,60,40230.0,1152.0,0
5,60,40230.0,9101.0,0
5,60,40230.0,1100.0,0
5,60,40230.0,1247.0,0
5,60,40230.0,18040.0,0
5,60,40230.0,1186.0,0
5,60,40230.0,5214.0,0
5,60,40230.0,5922.0,0
5,60,40230.0,1494.0,0
5,60,40230.0,1088.0,0
5,60,40230.0,2260.0,0
5,60,40230.0,9878.0,0
5,60,40230.0,4445.0,0
5,60,40230.0,617.0,0
5,60,40232.0,9099.0,0
5,60,40232.0,1063.0,0
5,60,40230.0,3323.0,0
5,60,40230.0,1052.0,0
5,60,40230.0,1021.0,0
5,60,40230.0,2717.0,0
5,60,40230.0,5431.0,0
5,60,40230.0,1090.0,0
5,60,40230.0,8099.0,0
5,60,40230.0,1687.0,0
5,60,40230.0,32784.0,0
5,60,40230.0,2107.0,0
5,60,40230.0,1105.0,0
5,60,40230.0,9929.0,0
5,60,40230.0,5002.0,0
5,60,40230.0,1583.0,0
5,60,40230.0,500.0,0
5,60,40230.0,1719.0,0
5,60,40230.0,5963.0,0
5,60,40232.0,1248.0,0
5,60,40230.0,3689.0,0
5,60,40230.0,1417.0,0
5,60,40230.0,5061.0,0
5,60,40230.0,2809.0,0
5,60,40232.0,2121.0,0
5,60,40232.0,2910.0,0
5,60,40232.0,49175.0,0
5,60,40232.0,6389.0,0
5,60,40232.0,1863.0,0
5,60,40232.0,912.0,0
5,60,40232.0,3801.0,0
5,60,40232.0,7.0,0
5,60,40232.0,13.0,0
5,60,40232.0,7200.0,0
5,60,40232.0,50003.0,1
5,60,40230.0,16016.0,0
5,60,40232.0,636.0,0
5,60,40232.0,5907.0,0
5,60,40232.0,4449.0,0
5,60,40230.0,2003.0,0
5,60,40232.0,8002.0,0
5,60,40232.0,8194.0,0
5,60,40232.0,777.0,0
5,60,40232.0,56737.0,1
5,60,40232.0,524.0,0
5,60,40232.0,8873.0,0
5,60,40232.0,33899.0,0
5,60,40230.0,990.0,0
5,60,40230.0,2119.0,0
5,60,40232.0,617.0,0
5,60,40232.0,4445.0,0
5,60,40232.0,9878.0,0
5,60,40232.0,2260.0,0
5,60,40232.0,1088.0,0
5,60,40232.0,1494.0,0
5,60,40232.0,5922.0,0
5,60,40232.0,5214.0,0
5,60,40232.0,1186.0,0
5,60,40232.0,18040.0,0
5,60,40232.0,1247.0,0
5,60,40232.0,1100.0,0
5,60,40232.0,9101.0,0
5,60,40232.0,1152.0,0
5,60,40232.0,3889.0,0
5,60,40232.0,31038.0,0
5,60,40232.0,65129.0,1
5,60,40232.0,631.0,0
5,60,40232.0,3221.0,0
5,60,40232.0,4126.0,0
5,60,40232.0,1028.0,0
5,60,40232.0,1812.0,0
5,60,40232.0,714.0,0
5,60,40232.0,2222.0,0
5,60,40232.0,5815.0,0
5,60,40232.0,2381.0,0
5,60,40230.0,646.0,0
5,60,40230.0,50300.0,1
5,60,40232.0,1687.0,0
5,60,40232.0,8099.0,0
5,60,40232.0,1090.0,0
5,60,40232.0,5431.0,0
5,60,40232.0,2717.0,0
5,60,40232.0,1021.0,0
5,60,40232.0,1052.0,0
5,60,40232.0,3323.0,0
5,60,40230.0,50389.0,1
5,60,40230.0,541.0,0
5,60,40232.0,2809.0,0
5,60,40232.0,5061.0,0
5,60,40232.0,1417.0,0
5,60,40232.0,3689.0,0
5,60,40232.0,5963.0,0
5,60,40232.0,1719.0,0
5,60,40232.0,500.0,0
5,60,40232.0,1583.0,0
5,60,40232.0,5002.0,0
5,60,40232.0,9929.0,0
5,60,40232.0,1105.0,0
5,60,40232.0,2107.0,0
5,60,40232.0,32784.0,0
5,60,40230.0,5952.0,0
5,60,40230.0,7201.0,0
5,60,40230.0,30951.0,1
5,60,40230.0,8402.0,0
5,60,40230.0,9091.0,0
5,60,40230.0,32780.0,0
5,60,40230.0,5862.0,0
5,60,40230.0,6881.0,0
5,60,40230.0,2710.0,0
5,60,40230.0,3000.0,0
5,60,40230.0,19101.0,0
5,60,40230.0,711.0,0
5,60,40232.0,16016.0,0
5,60,40230.0,416.0,0
5,60,40230.0,6346.0,0
5,60,40230.0,10082.0,0
5,60,40232.0,2003.0,0
5,60,40230.0,5544.0,0
5,60,40230.0,8001.0,0
5,60,40230.0,1117.0,0
5,60,40230.0,85.0,0
5,60,40230.0,9900.0,0
5,60,40230.0,9290.0,0
5,60,40232.0,990.0,0
5,60,40230.0,1089.0,0
5,60,40232.0,2119.0,0
5,60,40230.0,2042.0,0
5,60,40232.0,50300.0,1
5,60,40232.0,646.0,0
5,60,40230.0,49167.0,1
5,60,40230.0,17877.0,0
5,60,40230.0,57294.0,1
5,60,40230.0,1217.0,0
5,60,40230.0,2394.0,0
5,60,40230.0,54045.0,1
5,60,40230.0,5100.0,0
5,60,40230.0,1974.0,0
5,60,40230.0,1071.0,0
5,60,40230.0,5877.0,0
5,60,40230.0,3871.0,0
5,60,40230.0,9002.0,0
5,60,40230.0,720.0,0
5,60,40232.0,541.0,0
5,60,40232.0,50389.0,1
5,60,40232.0,32780.0,0
5,60,40232.0,9091.0,0
5,60,40232.0,8402.0,0
5,60,40232.0,30951.0,0
5,60,40232.0,7201.0,0
5,60,40232.0,5952.0,0
5,60,40232.0,5862.0,0
5,60,40232.0,711.0,0
5,60,40232.0,19101.0,0
5,60,40232.0,3000.0,0
5,60,40232.0,2710.0,0
5,60,40232.0,6881.0,0
5,60,40232.0,416.0,0
5,60,40232.0,6346.0,0
5,60,40232.0,10082.0,0
5,60,40232.0,8001.0,0
5,60,40232.0,5544.0,0
5,60,40232.0,1117.0,0
5,60,40232.0,85.0,0
5,60,40232.0,9900.0,0
5,60,40232.0,9290.0,0
5,60,40232.0,1089.0,0
5,60,40232.0,2042.0,0
5,60,40232.0,720.0,0
5,60,40232.0,9002.0,0
5,60,40232.0,3871.0,0
5,60,40232.0,5877.0,0
5,60,40232.0,1071.0,0
5,60,40232.0,1974.0,0
5,60,40232.0,5100.0,0
5,60,40232.0,54045.0,1
5,60,40232.0,2394.0,0
5,60,40232.0,1217.0,0
5,60,40232.0,57294.0,1
5,60,40232.0,17877.0,0
5,60,40232.0,49167.0,0
2,93,58100.0,53.0,1
2,93,58100.0,53.0,1
2,81,53703.0,53.0,1
2,81,53703.0,53.0,1
2,76,62930.0,53.0,1
2,76,62930.0,53.0,1
2,93,41451.0,53.0,1
2,93,41451.0,53.0,1
2,76,62930.0,53.0,1
0,60,0.0,0.0,1
0,42,0.0,0.0,1
1,324,68.0,67.0,1
1,342,67.0,68.0,1
2,93,41451.0,53.0,1
2,93,41451.0,53.0,1
0,60,0.0,0.0,1
0,42,0.0,0.0,1
3,98,0.0,0.0,1
0,42,0.0,0.0,1
0,60,0.0,0.0,1
3,98,0.0,0.0,1
3,98,0.0,0.0,1
3,98,0.0,0.0,1
3,98,0.0,0.0,1
3,98,0.0,0.0,1
3,98,0.0,0.0,1
3,98,0.0,0.0,1
2,81,47858.0,53.0,1
2,81,47858.0,53.0,1
3,98,0.0,0.0,1
3,98,0.0,0.0,1
3,98,0.0,0.0,1
3,98,0.0,0.0,1
0,60,0.0,0.0,1
0,42,0.0,0.0,1
3,98,0.0,0.0,1
3,98,0.0,0.0,1
3,98,0.0,0.0,1
3,98,0.0,0.0,1
3,98,0.0,0.0,1
3,98,0.0,0.0,1
2,81,47858.0,53.0,1
2,81,47858.0,53.0,1
3,98,0.0,0.0,1
3,98,0.0,0.0,1
3,98,0.0,0.0,1
3,98,0.0,0.0,1
3,98,0.0,0.0,1
3,98,0.0,0.0,1
3,98,0.0,0.0,1
3,98,0.0,0.0,1
3,98,0.0,0.0,1
3,98,0.0,0.0,1
2,93,58238.0,53.0,1
2,93,58238.0,53.0,1
3,98,0.0,0.0,1
3,98,0.0,0.0,1
3,98,0.0,0.0,1
3,98,0.0,0.0,1
3,98,0.0,0.0,1
3,98,0.0,0.0,1
3,98,0.0,0.0,1
3,98,0.0,0.0,1
3,98,0.0,0.0,1
3,98,0.0,0.0,1
2,93,58238.0,53.0,1
2,93,58238.0,53.0,1
3,98,0.0,0.0,1
3,98,0.0,0.0,1
3,98,0.0,0.0,1
3,98,0.0,0.0,1
3,98,0.0,0.0,1
3,98,0.0,0.0,1
3,98,0.0,0.0,1
3,98,0.0,0.0,1
2,81,32919.0,53.0,1
2,81,32919.0,53.0,1
2,81,32919.0,53.0,1
2,81,32919.0,53.0,1
2,91,57453.0,53.0,1
2,91,54837.0,53.0,1
2,91,62731.0,53.0,1
2,91,50434.0,53.0,1
2,93,45998.0,53.0,1
2,93,45998.0,53.0,1
0,60,0.0,0.0,1
0,42,0.0,0.0,1
2,91,58940.0,53.0,1
2,91,58940.0,53.0,1
0,42,0.0,0.0,1
0,42,0.0,0.0,1
2,91,58940.0,53.0,1
2,93,45998.0,53.0,1
2,93,45998.0,53.0,1
2,91,58940.0,53.0,1
2,91,58940.0,53.0,1
2,81,41554.0,53.0,1
2,81,41554.0,53.0,1
2,91,49773.0,53.0,1
2,91,63949.0,53.0,1
2,91,63085.0,53.0,1
2,91,55927.0,53.0,1
2,81,41554.0,53.0,1
2,81,41554.0,53.0,1
2,91,61673.0,53.0,1
2,91,61673.0,53.0,1
2,91,61673.0,53.0,1
2,93,39114.0,53.0,1
2,93,39114.0,53.0,1
2,91,61673.0,53.0,1
2,93,39114.0,53.0,1
2,93,39114.0,53.0,1
2,91,61673.0,53.0,1
2,70,49814.0,53.0,1
2,70,49814.0,53.0,1
2,70,49814.0,53.0,1
2,81,54124.0,53.0,1
2,81,54124.0,53.0,1
2,70,49814.0,53.0,1
2,70,49814.0,53.0,1
0,60,0.0,0.0,1
0,42,0.0,0.0,1
2,81,54124.0,53.0,1
2,81,54124.0,53.0,1
2,93,47282.0,53.0,1
2,93,47282.0,53.0,1
2,93,47282.0,53.0,1
2,93,47282.0,53.0,1
2,70,57338.0,53.0,1
2,70,57338.0,53.0,1
2,81,46005.0,53.0,1
2,81,46005.0,53.0,1
2,70,57338.0,53.0,1
2,70,57338.0,53.0,1
0,42,0.0,0.0,1
0,42,0.0,0.0,1
2,81,46005.0,53.0,1
2,81,46005.0,53.0,1
2,70,57338.0,53.0,1
3,98,0.0,0.0,1
3,98,0.0,0.0,1
3,98,0.0,0.0,1
3,98,0.0,0.0,1
3,98,0.0,0.0,1
3,98,0.0,0.0,1
3,98,0.0,0.0,1
3,98,0.0,0.0,1
3,98,0.0,0.0,1
3,98,0.0,0.0,1
3,98,0.0,0.0,1
3,98,0.0,0.0,1
3,98,0.0,0.0,1
3,98,0.0,0.0,1
3,98,0.0,0.0,1
3,98,0.0,0.0,1
3,98,0.0,0.0,1
3,98,0.0,0.0,1
3,98,0.0,0.0,1
3,98,0.0,0.0,1
3,98,0.0,0.0,1
3,98,0.0,0.0,1
3,98,0.0,0.0,1
3,98,0.0,0.0,1
3,98,0.0,0.0,1
3,98,0.0,0.0,1
3,98,0.0,0.0,1
3,98,0.0,0.0,1
3,98,0.0,0.0,1
3,98,0.0,0.0,1
3,98,0.0,0.0,1
3,98,0.0,0.0,1
3,98,0.0,0.0,1
3,98,0.0,0.0,1
3,98,0.0,0.0,1
3,98,0.0,0.0,1
3,98,0.0,0.0,1
3,98,0.0,0.0,1
3,98,0.0,0.0,1
3,98,0.0,0.0,1
3,98,0.0,0.0,1
3,98,0.0,0.0,1
3,98,0.0,0.0,1
3,98,0.0,0.0,1
3,98,0.0,0.0,1
3,98,0.0,0.0,1
3,98,0.0,0.0,1
3,98,0.0,0.0,1
3,98,0.0,0.0,1
3,98,0.0,0.0,1
3,98,0.0,0.0,1
3,98,0.0,0.0,1
3,98,0.0,0.0,1
3,98,0.0,0.0,1
3,98,0.0,0.0,1
3,98,0.0,0.0,1
3,98,0.0,0.0,1
3,98,0.0,0.0,1
3,98,0.0,0.0,1
3,98,0.0,0.0,1
3,98,0.0,0.0,1
3,98,0.0,0.0,1
3,98,0.0,0.0,1
3,98,0.0,0.0,1
3,98,0.0,0.0,1
3,98,0.0,0.0,1
3,98,0.0,0.0,1
3,98,0.0,0.0,1
3,98,0.0,0.0,1
3,98,0.0,0.0,1
3,98,0.0,0.0,1
3,98,0.0,0.0,1
3,98,0.0,0.0,1
3,98,0.0,0.0,1
3,98,0.0,0.0,1
3,98,0.0,0.0,1
3,98,0.0,0.0,1
3,98,0.0,0.0,1
3,98,0.0,0.0,1
3,98,0.0,0.0,1
3,98,0.0,0.0,1
3,98,0.0,0.0,1
3,98,0.0,0.0,1
3,98,0.0,0.0,1
3,98,0.0,0.0,1
3,98,0.0,0.0,1
3,98,0.0,0.0,1
3,98,0.0,0.0,1
3,98,0.0,0.0,1
3,98,0.0,0.0,1
3,98,0.0,0.0,1
3,98,0.0,0.0,1
3,98,0.0,0.0,1
3,98,0.0,0.0,1
3,98,0.0,0.0,1
3,98,0.0,0.0,1
3,98,0.0,0.0,1
3,98,0.0,0.0,1
3,98,0.0,0.0,1
3,98,0.0,0.0,1
2,93,46874.0,53.0,1
2,93,46874.0,53.0,1
0,42,0.0,0.0,1
0,60,0.0,0.0,1
0,60,0.0,0.0,1
0,42,0.0,0.0,1
2,93,46874.0,53.0,1
2,93,46874.0,53.0,1
2,81,45597.0,53.0,1
2,81,45597.0,53.0,1
0,60,0.0,0.0,1
0,42,0.0,0.0,1
2,70,64354.0,53.0,1
2,70,64354.0,53.0,1
2,70,64354.0,53.0,1
2,70,64354.0,53.0,1
2,81,45597.0,53.0,1
2,81,45597.0,53.0,1
2,70,64354.0,53.0,1
2,93,35811.0,53.0,1
2,93,35811.0,53.0,1
2,76,62687.0,53.0,1
2,76,53270.0,53.0,1
2,76,62687.0,53.0,1
2,76,53270.0,53.0,1
2,93,35811.0,53.0,1
2,93,35811.0,53.0,1
2,76,62687.0,53.0,1
2,76,53270.0,53.0,1
2,81,42101.0,53.0,1
2,81,42101.0,53.0,1
2,70,52621.0,53.0,1
2,70,52621.0,53.0,1
2,70,52621.0,53.0,1
2,81,42101.0,53.0,1
2,81,42101.0,53.0,1
2,70,52621.0,53.0,1
2,76,56881.0,53.0,1
2,76,56881.0,53.0,1
0,42,0.0,0.0,1
0,42,0.0,0.0,1
2,93,38342.0,53.0,1
2,93,38342.0,53.0,1
2,70,52621.0,53.0,1
2,76,56881.0,53.0,1
2,76,59711.0,53.0,1
2,93,38342.0,53.0,1
2,93,38342.0,53.0,1
0,60,0.0,0.0,1
0,42,0.0,0.0,1
2,76,59711.0,53.0,1
2,76,59711.0,53.0,1
2,81,45156.0,53.0,1
2,81,45156.0,53.0,1
2,70,63568.0,53.0,1
2,81,45156.0,53.0,1
2,81,45156.0,53.0,1
2,70,63568.0,53.0,1
2,70,63568.0,53.0,1
4,62,0.0,0.0,1
2,70,63568.0,53.0,1
2,93,58379.0,53.0,1
2,93,58379.0,53.0,1
2,70,63568.0,53.0,1
2,93,58379.0,53.0,1
